{
  "Dummy": {
    "accuracy": 0.6766666666666666,
    "f1": 0.0,
    "roc_auc": 0.5
  },
  "LogisticRegression": {
    "accuracy": 0.8016666666666666,
    "f1": 0.7213114754098361,
    "roc_auc": 0.8800020313848966
  },
  "DecisionTree": {
    "accuracy": 0.8473333333333334,
    "f1": 0.7804410354745925,
    "roc_auc": 0.9063313188766443
  },
  "RandomForest": {
    "accuracy": 0.9203333333333333,
    "f1": 0.8741442864665614,
    "roc_auc": 0.9655913869280381
  },
  "GradientBoosting": {
    "accuracy": 0.927,
    "f1": 0.8824476650563607,
    "roc_auc": 0.9682260931389975
  },
  "Stacking": {
    "accuracy": 0.922,
    "f1": 0.8806122448979592,
    "roc_auc": 0.9644035346097202
  }
}