experiment_id,dataset,seed,model_summary,optimizer,lr,momentum,weight_decay,epochs_trained,best_val_accuracy,best_val_loss
E1,CIFAR10,42,"MLP_[1024, 512, 256]_noBN_noDO",Adam,0.001,0.0,0.0,20,0.5301,1.4179791501998902
E2,CIFAR10,42,"MLP_[1024, 512, 256]_noBN_DO0.3",Adam,0.001,0.0,0.0,20,0.5119,1.419435788345337
E3,CIFAR10,42,"MLP_[1024, 512, 256]_BN_noDO",Adam,0.001,0.0,0.0,20,0.5561,1.3168119094848634
E4,CIFAR10,42,"MLP_[1024, 512, 256]_BN_noDO",Adam,0.001,0.0,0.0,17,0.5607,1.2985657678604126
O1,CIFAR10,42,"MLP_[1024, 512, 256]_BN_noDO",Adam,0.1,0.0,0.0,8,0.505,1.436368653869629
O2,CIFAR10,42,"MLP_[1024, 512, 256]_BN_noDO",Adam,1e-05,0.0,0.0,8,0.5288,1.354133560180664
O3,CIFAR10,42,"MLP_[1024, 512, 256]_BN_noDO",SGD,0.01,0.9,0.0001,15,0.5455,1.3383530464172364
